,CASENUM,CLMSEX,CLMINSUR,SEATBELT,CLMAGE,LOSS
count,29.0,29.0,29.0,29.0,27.0,29.0
mean,15970.896551724138,0.41379310344827586,0.9310344827586207,0.1724137931034483,39.851851851851855,4.344482758620689
std,9624.240754265196,0.5012300141587652,0.2578807147775637,0.3844258722192447,15.900420177572723,7.0417086837778315
min,3.0,0.0,0.0,0.0,7.0,0.06
25%,17507.0,0.0,1.0,0.0,35.0,0.884
50%,18095.0,0.0,1.0,0.0,43.0,3.03
75%,18340.0,1.0,1.0,0.0,49.5,4.315
max,34110.0,1.0,1.0,1.0,75.0,34.94
